headline,category
"Apple releases new iPhone","technology"
"Manchester United wins the match","sports"
"New advancements in cancer treatment","health"
"Stock market hits record high","economy"
"Google announces new AI breakthrough","technology"
"Barcelona wins the Champions League","sports"
"New vaccine for COVID-19 shows promise","health"
"Unemployment rates fall to record lows","economy"
"Tesla unveils new electric car model","technology"
"Real Madrid secures La Liga title","sports"
"Breakthrough in Alzheimer's research","health"
"Federal Reserve raises interest rates","economy"
"Microsoft launches new Surface laptop","technology"
"Serena Williams wins Wimbledon","sports"
"New study links diet to heart health","health"
"Global markets react to trade tensions","economy"
"Amazon introduces new Echo device","technology"
"Liverpool wins Premier League","sports"
"Advances in gene therapy for cancer","health"
"Oil prices surge amid geopolitical tensions","economy"
"Facebook rolls out new privacy features","technology"
"NBA Finals: Lakers vs. Heat","sports"
"New treatment for diabetes shows promise","health"
"Economy rebounds after pandemic slump","economy"
"Samsung announces Galaxy S21","technology"
"Tokyo Olympics postponed to next year","sports"
"Researchers discover new antibiotic","health"
"Government unveils new economic stimulus package","economy"
"Apple Watch Series 7 released","technology"
"UEFA Champions League draw announced","sports"
"New insights into brain function","health"
"Stock market volatility continues","economy"
"Google Pixel 6 review: A new contender","technology"
"World Cup qualifiers: Brazil vs. Argentina","sports"
"New drug for rheumatoid arthritis approved","health"
"Inflation rates hit record highs","economy"
"Microsoft acquires gaming company","technology"
"Super Bowl: Chiefs vs. Buccaneers","sports"
"New study on the effects of sleep","health"
"Job growth exceeds expectations","economy"
"Amazon Prime Day: Best deals","technology"
"NBA Draft: Top picks announced","sports"
"New vaccine for flu developed","health"
"Federal budget deficit narrows","economy"
"Apple's new M1 chip benchmarks","technology"
"UEFA Euro 2020: Italy vs. England","sports"
"New research on gut microbiome","health"
"Trade deficit widens in Q3","economy"
"Tesla's new battery technology","technology"
"World Series: Dodgers vs. Rays","sports"
"New treatment for Alzheimer's disease","health"
"Consumer spending increases in Q4","economy"
"Google's new AI language model","technology"
"FIFA World Cup: Germany vs. France","sports"
"New study on the benefits of exercise","health"
"Interest rates remain unchanged","economy"
"Samsung's foldable phone review","technology"
"NBA All-Star Game: East vs. West","sports"
"New research on cancer immunotherapy","health"
"Unemployment claims decrease","economy"
"Apple's new iPad Pro features","technology"
"Champions League: PSG vs. Bayern","sports"
"New treatment for multiple sclerosis","health"
"Retail sales increase in holiday season","economy"
"Microsoft's new Xbox Series X","technology"
"Formula 1: Hamilton wins Grand Prix","sports"
"New study on mental health during pandemic","health"
"Government announces tax cuts","economy"
"Amazon's new Kindle Paperwhite","technology"
"World Cup: Spain vs. Portugal","sports"
"New research on aging and longevity","health"
"Consumer confidence rises","economy"
"Google's new Nest Hub features","technology"
"NBA Playoffs: Nets vs. Bucks","sports"
"New treatment for Parkinson's disease","health"
"Stock market closes at record high","economy"
"Apple's new MacBook Pro review","technology"
"Premier League: Arsenal vs. Chelsea","sports"
"New study on the effects of diet on health","health"
"Jobless rate falls to pre-pandemic levels","economy"
"Samsung's new Galaxy Tab S7","technology"
"World Cup Qualifiers: Italy vs. Netherlands","sports"
"New research on the human genome","health"
"Federal Reserve signals rate hike","economy"
"Microsoft's new Surface Pro review","technology"
"NBA Finals: Warriors vs. Raptors","sports"
"New treatment for chronic pain","health"
"Consumer prices rise in Q2","economy"
"Google's new Pixel Buds review","technology"
"UEFA Nations League: Spain vs. Germany","sports"
"New study on the effects of air pollution","health"
"Government announces new infrastructure plan","economy"
"Apple's new AR glasses unveiled","technology"
"Ronaldo scores hat-trick in World Cup","sports"
"New therapy for depression shows promise","health"
"Global economic growth slows","economy"
"Samsung's new smartwatch features","technology"
"NBA MVP announced: LeBron James","sports"
"New research on the microbiome","health"
"Interest rates expected to rise","economy"
"Google's new Stadia gaming service","technology"
"Champions League: Real Madrid vs. Liverpool","sports"
"New treatment for asthma approved","health"
"Job market shows signs of recovery","economy"
"Apple's new HomePod mini review","technology"
"World Cup: Brazil vs. Germany","sports"
"New study on the effects of stress","health"
"Government announces new healthcare plan","economy"
"Microsoft's new HoloLens 2","technology"
"NBA Finals: Celtics vs. Lakers","sports"
"New research on the effects of exercise","health"
"Consumer spending expected to rise","economy"
"Google's new Pixel 5a review","technology"
"UEFA Champions League: Barcelona vs. PSG","sports"
"New treatment for arthritis shows promise","health"
"Stock market hits new highs","economy"
"Samsung's new Galaxy Note 20","technology"
"World Cup Qualifiers: England vs. Italy","sports"
"New research on the effects of diet","health"
"Federal Reserve announces new policies","economy"
"Apple's new iPhone 13 review","technology"
"NBA Playoffs: Clippers vs. Suns","sports"
"New study on the effects of pollution","health"
"Government announces new tax policies","economy"
"Google's new Nest Audio review","technology"
"Champions League: Bayern vs. Chelsea","sports"
"New treatment for cancer shows promise","health"
"Jobless claims fall to new lows","economy"
"Microsoft's new Surface Duo review","technology"
"World Cup: Argentina vs. Spain","sports"
"New research on the effects of sleep","health"
"Consumer confidence hits new highs","economy"
"Samsung's new Galaxy Z Fold 3","technology"
"NBA Finals: Bucks vs. Suns","sports"
"New study on the effects of aging","health"
"Government announces new stimulus package","economy"
"Apple's new MacBook Air review","technology"
"UEFA Nations League: France vs. Portugal","sports"
"New treatment for diabetes shows promise","health"
"Stock market volatility continues","economy"
"Google's new Pixel 6 Pro review","technology"
"Champions League: Juventus vs. Barcelona","sports"
"New research on the effects of genetics","health"
"Interest rates remain steady","economy"
"Microsoft's new Xbox Game Pass","technology"
"World Cup Qualifiers: Germany vs. Netherlands","sports"
"New study on the effects of nutrition","health"
"Government announces new education policies","economy"
"Samsung's new Galaxy S22 review","technology"
"NBA All-Star Game: Team LeBron vs. Team Durant","sports"
"New treatment for Alzheimer's shows promise","health"
"Consumer spending expected to increase","economy"
"Apple's new iPad Air review","technology"
"UEFA Champions League: Manchester City vs. PSG","sports"
"New research on the effects of exercise on mental health","health"
"Job market continues to improve","economy"
"Google's new Pixel Watch review","technology"
"World Cup: France vs. Belgium","sports"
"New study on the effects of diet on mental health","health"
"Government announces new environmental policies","economy"
"Microsoft's new Surface Laptop 4 review","technology"
"NBA Finals: Heat vs. Mavericks","sports"
"New treatment for chronic pain shows promise","health"
"Consumer prices expected to rise","economy"
"Samsung's new Galaxy Buds Pro review","technology"
"Champions League: Liverpool vs. Bayern","sports"
"New research on the effects of air pollution on health","health"
"Interest rates expected to remain low","economy"
"Apple's new iPhone SE review","technology"
"World Cup Qualifiers: Brazil vs. Chile","sports"
"New study on the effects of stress on health","health"
"Government announces new infrastructure projects","economy"
"Google's new Nest Thermostat review","technology"
"NBA Playoffs: Lakers vs. Nuggets","sports"
"New treatment for Parkinson's shows promise","health"
"Jobless rate expected to fall","economy"
"Microsoft's new Surface Go 3 review","technology"
"World Cup: Spain vs. Italy","sports"
"New research on the effects of genetics on health","health"
"Consumer confidence expected to rise","economy"
"Samsung's new Galaxy A52 review","technology"
"NBA Finals: Warriors vs. Cavaliers","sports"
"New study on the effects of diet on aging","health"
"Government announces new healthcare reforms","economy"
"Apple's new MacBook Pro M1 review","technology"
"UEFA Nations League: Italy vs. Spain","sports"
"New treatment for cancer approved","health"
"Stock market expected to rise","economy"
"Google's new Pixel 5 review","technology"
"Champions League: PSG vs. Manchester United","sports"
"New research on the effects of exercise on aging","health"
"Interest rates expected to rise","economy"
"Microsoft's new Surface Pro X review","technology"
"World Cup Qualifiers: Argentina vs. Brazil","sports"
"New study on the effects of nutrition on health","health"
"Government announces new tax cuts","economy"
"Samsung's new Galaxy S21 Ultra review","technology"
"NBA All-Star Game: Team Giannis vs. Team LeBron","sports"
"New treatment for diabetes approved","health"
"Consumer spending expected to rise","economy"
"Apple's new iPhone 12 review","technology"
"UEFA Champions League: Real Madrid vs. Chelsea","sports"
"New research on the effects of diet on mental health","health"
"Job market expected to improve","economy"
"Google's new Pixel 4a review","technology"
"World Cup: Germany vs. Argentina","sports"
"New study on the effects of stress on mental health","health"
"Government announces new education reforms","economy"
"Microsoft's new Surface Book 3 review","technology"
"NBA Playoffs: Bucks vs. Heat","sports"
"New treatment for Alzheimer's approved","health"
"Jobless claims expected to fall","economy"
"Samsung's new Galaxy Note 20 Ultra review","technology"
"World Cup Qualifiers: France vs. Portugal","sports"
"New research on the effects of genetics on mental health","health"
"Consumer confidence expected to improve","economy"
"Apple's new iPad Pro M1 review","technology"
"UEFA Nations League: England vs. Germany","sports"
"New treatment for chronic pain approved","health"
"Stock market expected to remain steady","economy"
"Google's new Pixel 4 review","technology"
"Champions League: Barcelona vs. Juventus","sports"
"New research on the effects of exercise on mental health","health"
"Interest rates expected to remain low","economy"
"Microsoft's new Surface Laptop Go review","technology"
"World Cup Qualifiers: Italy vs. Spain","sports"
"New study on the effects of diet on health","health"
"Government announces new environmental reforms","economy"
"Samsung's new Galaxy Z Flip 3 review","technology"
"NBA Finals: Lakers vs. Celtics","sports"
"New treatment for Parkinson's approved","health"
"Consumer prices expected to remain steady","economy"
"Apple's new iPhone 11 review","technology"
"UEFA Champions League: Manchester City vs. Real Madrid","sports"
"New research on the effects of diet on aging","health"
"Government announces new healthcare policies","economy"
"Google's new Pixel 3a review","technology"
"NBA Playoffs: Clippers vs. Mavericks","sports"
"New treatment for cancer shows promise","health"
"Jobless rate expected to remain steady","economy"
"Microsoft's new Surface Pro 7 review","technology"
"World Cup: Brazil vs. Spain","sports"
"New study on the effects of stress on aging","health"
"Government announces new tax policies","economy"
"Samsung's new Galaxy S20 review","technology"
"NBA All-Star Game: Team LeBron vs. Team Durant","sports"
"New treatment for diabetes shows promise","health"
"Consumer spending expected to remain steady","economy"
"Apple's new iPhone XR review","technology"
"UEFA Nations League: France vs. Spain","sports"
"New research on the effects of exercise on aging","health"
"Job market expected to remain steady","economy"
"Google's new Pixel 3 review","technology"
"Champions League: Liverpool vs. Real Madrid","sports"
"New study on the effects of diet on mental health","health"
"Government announces new education policies","economy"
"Microsoft's new Surface Go 2 review","technology"
"NBA Playoffs: Lakers vs. Rockets","sports"
"New treatment for Alzheimer's shows promise","health"
"Jobless claims expected to remain steady","economy"
"Samsung's new Galaxy Note 10 review","technology"
"World Cup Qualifiers: Germany vs. Spain","sports"
"New research on the effects of genetics on aging","health"
"Consumer confidence expected to remain steady","economy"
"Apple's new iPad Air 4 review","technology"
"UEFA Champions League: PSG vs. Bayern Munich","sports"
"New treatment for chronic pain shows promise","health"
"Stock market expected to remain steady","economy"
"Google's new Pixel 2 review","technology"
"NBA Finals: Warriors vs. Raptors","sports"
"New research on the effects of exercise on health","health"
"Interest rates expected to remain steady","economy"
"Microsoft's new Surface Laptop 3 review","technology"
"World Cup Qualifiers: Italy vs. Germany","sports"
"New study on the effects of diet on health","health"
"Government announces new environmental policies","economy"
"Samsung's new Galaxy S10 review","technology"
"NBA All-Star Game: Team Giannis vs. Team LeBron","sports"
"New treatment for Parkinson's shows promise","health"
"Consumer prices expected to remain steady","economy"
"Apple's new iPhone XS review","technology"
"UEFA Champions League: Manchester United vs. Barcelona","sports"
"New research on the effects of diet on mental health","health"
"Government announces new healthcare reforms","economy"
"Google's new Pixel 1 review","technology"
"NBA Playoffs: Bucks vs. Raptors","sports"
"New treatment for cancer approved","health"
"Jobless rate expected to remain steady","economy"
"Microsoft's new Surface Pro 6 review","technology"
"World Cup: Argentina vs. Germany","sports"
"New study on the effects of stress on health","health"
"Government announces new tax reforms","economy"
"Samsung's new Galaxy Note 9 review","technology"
"NBA All-Star Game: Team LeBron vs. Team Giannis","sports"
"New treatment for diabetes approved","health"
"Consumer spending expected to remain steady","economy"
"Apple's new iPhone X review","technology"
"UEFA Nations League: Spain vs. Portugal","sports"
"New research on the effects of exercise on aging","health"
"Job market expected to remain steady","economy"
"Google's new Pixel 2 XL review","technology"
"Champions League: Real Madrid vs. Liverpool","sports"
"New study on the effects of diet on aging","health"
"Government announces new education reforms","economy"
"Microsoft's new Surface Go review","technology"
"NBA Playoffs: Lakers vs. Clippers","sports"
"New treatment for Alzheimer's approved","health"
"Jobless claims expected to remain steady","economy"
"Samsung's new Galaxy S9 review","technology"
"World Cup Qualifiers: Brazil vs. Argentina","sports"
"New research on the effects of genetics on health","health"
"Consumer confidence expected to remain steady","economy"
"Apple's new iPad Pro 3 review","technology"
"UEFA Champions League: Bayern Munich vs. PSG","sports"
"New treatment for chronic pain approved","health"
"Stock market expected to remain steady","economy"
"Google's new Pixel 3 XL review","technology"
"NBA Finals: Warriors vs. Cavaliers","sports"
"New research on the effects of exercise on mental health","health"
"Interest rates expected to remain steady","economy"
"Microsoft's new Surface Laptop 2 review","technology"
"World Cup Qualifiersheadline,category
"Apple releases new iPhone","technology"
"Manchester United wins the match","sports"
"New advancements in cancer treatment","health"
"Stock market hits record high","economy"
"Google announces new AI breakthrough","technology"
"Barcelona wins the Champions League","sports"
"New vaccine for COVID-19 shows promise","health"
"Unemployment rates fall to record lows","economy"
"Tesla unveils new electric car model","technology"
"Real Madrid secures La Liga title","sports"
"Breakthrough in Alzheimer's research","health"
"Federal Reserve raises interest rates","economy"
"Microsoft launches new Surface laptop","technology"
"Serena Williams wins Wimbledon","sports"
"New study links diet to heart health","health"
"Global markets react to trade tensions","economy"
"Amazon introduces new Echo device","technology"
"Liverpool wins Premier League","sports"
"Advances in gene therapy for cancer","health"
"Oil prices surge amid geopolitical tensions","economy"
"Facebook rolls out new privacy features","technology"
"NBA Finals: Lakers vs. Heat","sports"
"New treatment for diabetes shows promise","health"
"Economy rebounds after pandemic slump","economy"
"Samsung announces Galaxy S21","technology"
"Tokyo Olympics postponed to next year","sports"
"Researchers discover new antibiotic","health"
"Government unveils new economic stimulus package","economy"
"Apple Watch Series 7 released","technology"
"UEFA Champions League draw announced","sports"
"New insights into brain function","health"
"Stock market volatility continues","economy"
"Google Pixel 6 review: A new contender","technology"
"World Cup qualifiers: Brazil vs. Argentina","sports"
"New drug for rheumatoid arthritis approved","health"
"Inflation rates hit record highs","economy"
"Microsoft acquires gaming company","technology"
"Super Bowl: Chiefs vs. Buccaneers","sports"
"New study on the effects of sleep","health"
"Job growth exceeds expectations","economy"
"Amazon Prime Day: Best deals","technology"
"NBA Draft: Top picks announced","sports"
"New vaccine for flu developed","health"
"Federal budget deficit narrows","economy"
"Apple's new M1 chip benchmarks","technology"
"UEFA Euro 2020: Italy vs. England","sports"
"New research on gut microbiome","health"
"Trade deficit widens in Q3","economy"
"Tesla's new battery technology","technology"
"World Series: Dodgers vs. Rays","sports"
"New treatment for Alzheimer's disease","health"
"Consumer spending increases in Q4","economy"
"Google's new AI language model","technology"
"FIFA World Cup: Germany vs. France","sports"
"New study on the benefits of exercise","health"
"Interest rates remain unchanged","economy"
"Samsung's foldable phone review","technology"
"NBA All-Star Game: East vs. West","sports"
"New research on cancer immunotherapy","health"
"Unemployment claims decrease","economy"
"Apple's new iPad Pro features","technology"
"Champions League: PSG vs. Bayern","sports"
"New treatment for multiple sclerosis","health"
"Retail sales increase in holiday season","economy"
"Microsoft's new Xbox Series X","technology"
"Formula 1: Hamilton wins Grand Prix","sports"
"New study on mental health during pandemic","health"
"Government announces tax cuts","economy"
"Amazon's new Kindle Paperwhite","technology"
"World Cup: Spain vs. Portugal","sports"
"New research on aging and longevity","health"
"Consumer confidence rises","economy"
"Google's new Nest Hub features","technology"
"NBA Playoffs: Nets vs. Bucks","sports"
"New treatment for Parkinson's disease","health"
"Stock market closes at record high","economy"
"Apple's new MacBook Pro review","technology"
"Premier League: Arsenal vs. Chelsea","sports"
"New study on the effects of diet on health","health"
"Jobless rate falls to pre-pandemic levels","economy"
"Samsung's new Galaxy Tab S7","technology"
"World Cup Qualifiers: Italy vs. Netherlands","sports"
"New research on the human genome","health"
"Federal Reserve signals rate hike","economy"
"Microsoft's new Surface Pro review","technology"
"NBA Finals: Warriors vs. Raptors","sports"
"New treatment for chronic pain","health"
"Consumer prices rise in Q2","economy"
"Google's new Pixel Buds review","technology"
"UEFA Nations League: Spain vs. Germany","sports"
"New study on the effects of air pollution","health"
"Government announces new infrastructure plan","economy"
"Apple's new AR glasses unveiled","technology"
"Ronaldo scores hat-trick in World Cup","sports"
"New therapy for depression shows promise","health"
"Global economic growth slows","economy"
"Samsung's new smartwatch features","technology"
"NBA MVP announced: LeBron James","sports"
"New research on the microbiome","health"
"Interest rates expected to rise","economy"
"Google's new Stadia gaming service","technology"
"Champions League: Real Madrid vs. Liverpool","sports"
"New treatment for asthma approved","health"
"Job market shows signs of recovery","economy"
"Apple's new HomePod mini review","technology"
"World Cup: Brazil vs. Germany","sports"
"New study on the effects of stress","health"
"Government announces new healthcare plan","economy"
"Microsoft's new HoloLens 2","technology"
"NBA Finals: Celtics vs. Lakers","sports"
"New research on the effects of exercise","health"
"Consumer spending expected to rise","economy"
"Google's new Pixel 5a review","technology"
"UEFA Champions League: Barcelona vs. PSG","sports"
"New treatment for arthritis shows promise","health"
"Stock market hits new highs","economy"
"Samsung's new Galaxy Note 20","technology"
"World Cup Qualifiers: England vs. Italy","sports"
"New research on the effects of diet","health"
"Federal Reserve announces new policies","economy"
"Apple's new iPhone 13 review","technology"
"NBA Playoffs: Clippers vs. Suns","sports"
"New study on the effects of pollution","health"
"Government announces new tax policies","economy"
"Google's new Nest Audio review","technology"
"Champions League: Bayern vs. Chelsea","sports"
"New treatment for cancer shows promise","health"
"Jobless claims fall to new lows","economy"
"Microsoft's new Surface Duo review","technology"
"World Cup: Argentina vs. Spain","sports"
"New research on the effects of sleep","health"
"Consumer confidence hits new highs","economy"
"Samsung's new Galaxy Z Fold 3","technology"
"NBA Finals: Bucks vs. Suns","sports"
"New study on the effects of aging","health"
"Government announces new stimulus package","economy"
"Apple's new MacBook Air review","technology"
"UEFA Nations League: France vs. Portugal","sports"
"New treatment for diabetes shows promise","health"
"Stock market volatility continues","economy"
"Google's new Pixel 6 Pro review","technology"
"Champions League: Juventus vs. Barcelona","sports"
"New research on the effects of genetics","health"
"Interest rates remain steady","economy"
"Microsoft's new Xbox Game Pass","technology"
"World Cup Qualifiers: Germany vs. Netherlands","sports"
"New study on the effects of nutrition","health"
"Government announces new education policies","economy"
"Samsung's new Galaxy S22 review","technology"
"NBA All-Star Game: Team LeBron vs. Team Durant","sports"
"New treatment for Alzheimer's shows promise","health"
"Consumer spending expected to increase","economy"
"Apple's new iPad Air review","technology"
"UEFA Champions League: Manchester City vs. PSG","sports"
"New research on the effects of exercise on mental health","health"
"Job market continues to improve","economy"
"Google's new Pixel Watch review","technology"
"World Cup: France vs. Belgium","sports"
"New study on the effects of diet on mental health","health"
"Government announces new environmental policies","economy"
"Microsoft's new Surface Laptop 4 review","technology"
"NBA Finals: Heat vs. Mavericks","sports"
"New treatment for chronic pain shows promise","health"
"Consumer prices expected to rise","economy"
"Samsung's new Galaxy Buds Pro review","technology"
"Champions League: Liverpool vs. Bayern","sports"
"New research on the effects of air pollution on health","health"
"Interest rates expected to remain low","economy"
"Apple's new iPhone SE review","technology"
"World Cup Qualifiers: Brazil vs. Chile","sports"
"New study on the effects of stress on health","health"
"Government announces new infrastructure projects","economy"
"Google's new Nest Thermostat review","technology"
"NBA Playoffs: Lakers vs. Nuggets","sports"
"New treatment for Parkinson's shows promise","health"
"Jobless rate expected to fall","economy"
"Microsoft's new Surface Go 3 review","technology"
"World Cup: Spain vs. Italy","sports"
"New research on the effects of genetics on health","health"
"Consumer confidence expected to rise","economy"
"Samsung's new Galaxy A52 review","technology"
"NBA Finals: Warriors vs. Cavaliers","sports"
"New study on the effects of diet on aging","health"
"Government announces new healthcare reforms","economy"
"Apple's new MacBook Pro M1 review","technology"
"UEFA Nations League: Italy vs. Spain","sports"
"New treatment for cancer approved","health"
"Stock market expected to rise","economy"
"Google's new Pixel 5 review","technology"
"Champions League: PSG vs. Manchester United","sports"
"New research on the effects of exercise on aging","health"
"Interest rates expected to rise","economy"
"Microsoft's new Surface Pro X review","technology"
"World Cup Qualifiers: Argentina vs. Brazil","sports"
"New study on the effects of nutrition on health","health"
"Government announces new tax cuts","economy"
"Samsung's new Galaxy S21 Ultra review","technology"
"NBA All-Star Game: Team Giannis vs. Team LeBron","sports"
"New treatment for diabetes approved","health"
"Consumer spending expected to rise","economy"
"Apple's new iPhone 12 review","technology"
"UEFA Champions League: Real Madrid vs. Chelsea","sports"
"New research on the effects of diet on mental health","health"
"Job market expected to improve","economy"
"Google's new Pixel 4a review","technology"
"World Cup: Germany vs. Argentina","sports"
"New study on the effects of stress on mental health","health"
"Government announces new education reforms","economy"
"Microsoft's new Surface Book 3 review","technology"
"NBA Playoffs: Bucks vs. Heat","sports"
"New treatment for Alzheimer's approved","health"
"Jobless claims expected to fall","economy"
"Samsung's new Galaxy Note 20 Ultra review","technology"
"World Cup Qualifiers: France vs. Portugal","sports"
"New research on the effects of genetics on mental health","health"
"Consumer confidence expected to improve","economy"
"Apple's new iPad Pro M1 review","technology"
"UEFA Nations League: England vs. Germany","sports"
"New treatment for chronic pain approved","health"
"Stock market expected to remain steady","economy"
"Google's new Pixel 4 review","technology"
"Champions League: Barcelona vs. Juventus","sports"
"New research on the effects of exercise on mental health","health"
"Interest rates expected to remain low","economy"
"Microsoft's new Surface Laptop Go review","technology"
"World Cup Qualifiers: Italy vs. Spain","sports"
"New study on the effects of diet on health","health"
"Government announces new environmental reforms","economy"
"Samsung's new Galaxy Z Flip 3 review","technology"
"NBA Finals: Lakers vs. Celtics","sports"
"New treatment for Parkinson's approved","health"
"Consumer prices expected to remain steady","economy"
"Apple's new iPhone 11 review","technology"
"UEFA Champions League: Manchester City vs. Real Madrid","sports"
"New research on the effects of diet on aging","health"
"Government announces new healthcare policies","economy"
"Google's new Pixel 3a review","technology"
"NBA Playoffs: Clippers vs. Mavericks","sports"
"New treatment for cancer shows promise","health"
"Jobless rate expected to remain steady","economy"
"Microsoft's new Surface Pro 7 review","technology"
"World Cup: Brazil vs. Spain","sports"
"New study on the effects of stress on aging","health"
"Government announces new tax policies","economy"
"Samsung's new Galaxy S20 review","technology"
"NBA All-Star Game: Team LeBron vs. Team Durant","sports"
"New treatment for diabetes shows promise","health"
"Consumer spending expected to remain steady","economy"
"Apple's new iPhone XR review","technology"
"UEFA Nations League: France vs. Spain","sports"
"New research on the effects of exercise on aging","health"
"Job market expected to remain steady","economy"
"Google's new Pixel 3 review","technology"
"Champions League: Liverpool vs. Real Madrid","sports"
"New study on the effects of diet on mental health","health"
"Government announces new education policies","economy"
"Microsoft's new Surface Go 2 review","technology"
"NBA Playoffs: Lakers vs. Rockets","sports"
"New treatment for Alzheimer's shows promise","health"
"Jobless claims expected to remain steady","economy"
"Samsung's new Galaxy Note 10 review","technology"
"World Cup Qualifiers: Germany vs. Spain","sports"
"New research on the effects of genetics on aging","health"
"Consumer confidence expected to remain steady","economy"
"Apple's new iPad Air 4 review","technology"
"UEFA Champions League: PSG vs. Bayern Munich","sports"
"New treatment for chronic pain shows promise","health"
"Stock market expected to remain steady","economy"
"Google's new Pixel 2 review","technology"
"NBA Finals: Warriors vs. Raptors","sports"
"New research on the effects of exercise on health","health"
"Interest rates expected to remain steady","economy"
"Microsoft's new Surface Laptop 3 review","technology"
"World Cup Qualifiers: Italy vs. Germany","sports"
"New study on the effects of diet on health","health"
"Government announces new environmental policies","economy"
"Samsung's new Galaxy S10 review","technology"
"NBA All-Star Game: Team Giannis vs. Team LeBron","sports"
"New treatment for Parkinson's shows promise","health"
"Consumer prices expected to remain steady","economy"
"Apple's new iPhone XS review","technology"
"UEFA Champions League: Manchester United vs. Barcelona","sports"
"New research on the effects of diet on mental health","health"
"Government announces new healthcare reforms","economy"
"Google's new Pixel 1 review","technology"
"NBA Playoffs: Bucks vs. Raptors","sports"
"New treatment for cancer approved","health"
"Jobless rate expected to remain steady","economy"
"Microsoft's new Surface Pro 6 review","technology"
"World Cup: Argentina vs. Germany","sports"
"New study on the effects of stress on health","health"
"Government announces new tax reforms","economy"
"Samsung's new Galaxy Note 9 review","technology"
"NBA All-Star Game: Team LeBron vs. Team Giannis","sports"
"New treatment for diabetes approved","health"
"Consumer spending expected to remain steady","economy"
"Apple's new iPhone X review","technology"
"UEFA Nations League: Spain vs. Portugal","sports"
"New research on the effects of exercise on aging","health"
"Job market expected to remain steady","economy"
"Google's new Pixel 2 XL review","technology"
"Champions League: Real Madrid vs. Liverpool","sports"
"New study on the effects of diet on aging","health"
"Government announces new education reforms","economy"
"Microsoft's new Surface Go review","technology"
"NBA Playoffs: Lakers vs. Clippers","sports"
"New treatment for Alzheimer's approved","health"
"Jobless claims expected to remain steady","economy"
"Samsung's new Galaxy S9 review","technology"
"World Cup Qualifiers: Brazil vs. Argentina","sports"
"New research on the effects of genetics on health","health"
"Consumer confidence expected to remain steady","economy"
"Apple's new iPad Pro 3 review","technology"
"UEFA Champions League: Bayern Munich vs. PSG","sports"
"New treatment for chronic pain approved","health"
"Stock market expected to remain steady","economy"
"Google's new Pixel 3 XL review","technology"
"NBA Finals: Warriors vs. Cavaliers","sports"
"New research on the effects of exercise on mental health","health"
"Interest rates expected to remain steady","economy"
"Microsoft's new Surface Laptop 2 review","technology"
